colour_name,finish,product_family,sku_code,title_raw,qty_used_for_checks,stock_result_raw,price_result_raw,product_url,checked_at_iso,finish_attr,substrate,thickness,length,width,pack_size
Australian Native,Woodmatt,Board Decorative,57479,MDF 162412 DS Australian Native Woodmatt MR E0,1,In stock at supply site,$135.04 Ea. (Excluding GST),https://www.polytec.com.au/colour/australian-native/,2025-08-21T04:49:25Z,Woodmatt,MDF,16,2400,1200,30
Australian Native,Woodmatt,Board Decorative,57482,MDF 183618 DS Australian Native Woodmatt MR E0,1,In stock at your branch,$334.21 Ea. (Excluding GST),https://www.polytec.com.au/colour/australian-native/,2025-08-21T04:49:28Z,Woodmatt,MDF,18,3600,1800,20
Australian Native,Woodmatt,Board Decorative,57480,MDF 252412 DS Australian Native Woodmatt MR E0,1,In stock at your branch,$221.39 Ea. (Excluding GST),https://www.polytec.com.au/colour/australian-native/,2025-08-21T04:49:30Z,Woodmatt,MDF,25,2400,1200,20
Australian Native,Woodmatt,Board Decorative,57481,MDF 322412 DS Australian Native Woodmatt MR E0,1,In stock at supply site,$244.11 Ea. (Excluding GST),https://www.polytec.com.au/colour/australian-native/,2025-08-21T04:49:33Z,Woodmatt,MDF,32,2400,1200,15
Australian Native,Woodmatt,Board Decorative,57484,LDF 333618 DS Australian Native Woodmatt MR E0,1,In stock at your branch,$549.26 Ea. (Excluding GST),https://www.polytec.com.au/colour/australian-native/,2025-08-21T04:49:36Z,Woodmatt,LDF,33,3600,1800,10
Australian Native,Woodmatt,Board Decorative,57483,LDF 253618 DS Australian Native Woodmatt STD E0,1,In stock at your branch,$474.34 Ea. (Excluding GST),https://www.polytec.com.au/colour/australian-native/,2025-08-21T04:49:38Z,Woodmatt,LDF,25,3600,1800,15
Blonde Oak,Woodmatt,Board Decorative,57143,MDF 182412 DS Blonde Oak Woodmatt MR E0,1,Place order to confirm availability,$148.54 Ea. (Excluding GST),https://www.polytec.com.au/colour/blonde-oak/,2025-08-21T04:50:28Z,Woodmatt,MDF,18,2400,1200,30
Blonde Oak,Woodmatt,Board Decorative,57144,MDF 183112 DS Blonde Oak Woodmatt MR E0,1,In stock at supply site,$192.79 Ea. (Excluding GST),https://www.polytec.com.au/colour/blonde-oak/,2025-08-21T04:50:31Z,Woodmatt,MDF,18,3115,1200,30
Blonde Oak,Woodmatt,Board Decorative,57145,MDF 252412 DS Blonde Oak Woodmatt MR E0,1,In stock at supply site,$221.39 Ea. (Excluding GST),https://www.polytec.com.au/colour/blonde-oak/,2025-08-21T04:50:33Z,Woodmatt,MDF,25,2400,1200,20
Blonde Oak,Woodmatt,Board Decorative,58453,MDF 183618 DS Blonde Oak Woodmatt MR E0,1,In stock at your branch,$334.21 Ea. (Excluding GST),https://www.polytec.com.au/colour/blonde-oak/,2025-08-21T04:50:36Z,Woodmatt,MDF,18,3600,1800,20
Blonde Oak,Woodmatt,Board Decorative,58064,MDF 092712 DS Blonde Oak Woodmatt MR E0,1,In stock at your branch,$151.41 Ea. (Excluding GST),https://www.polytec.com.au/colour/blonde-oak/,2025-08-21T04:50:38Z,Woodmatt,MDF,9,2700,1200,30
Blonde Oak,Woodmatt,Board Decorative,58455,LDF 333618 DS Blonde Oak Woodmatt MR E0,1,In stock at supply site,$549.26 Ea. (Excluding GST),https://www.polytec.com.au/colour/blonde-oak/,2025-08-21T04:50:41Z,Woodmatt,LDF,33,3600,1800,10
Blonde Oak,Woodmatt,Board Decorative,58454,LDF 253618 DS Blonde Oak Woodmatt STD E0,1,In stock at your branch,$474.34 Ea. (Excluding GST),https://www.polytec.com.au/colour/blonde-oak/,2025-08-21T04:50:43Z,Woodmatt,LDF,25,3600,1800,15
Ecru Oak,Woodmatt,Board Decorative,57099,MDF 182412 DS Ecru Oak Woodmatt MR E0,1,In stock at your branch,$148.54 Ea. (Excluding GST),https://www.polytec.com.au/colour/ecru-oak/,2025-08-21T04:51:19Z,Woodmatt,MDF,18,2400,1200,30
Ecru Oak,Woodmatt,Board Decorative,57140,MDF 183112 DS Ecru Oak Woodmatt MR E0,1,In stock at your branch,$192.79 Ea. (Excluding GST),https://www.polytec.com.au/colour/ecru-oak/,2025-08-21T04:51:21Z,Woodmatt,MDF,18,3115,1200,30
Ecru Oak,Woodmatt,Board Decorative,57141,MDF 252412 DS Ecru Oak Woodmatt MR E0,1,In stock at supply site,$221.39 Ea. (Excluding GST),https://www.polytec.com.au/colour/ecru-oak/,2025-08-21T04:51:24Z,Woodmatt,MDF,25,2400,1200,20
Ecru Oak,Woodmatt,Board Decorative,58465,MDF 183618 DS Ecru Oak Woodmatt MR E0,1,Place order to confirm availability,$334.21 Ea. (Excluding GST),https://www.polytec.com.au/colour/ecru-oak/,2025-08-21T04:51:27Z,Woodmatt,MDF,18,3600,1800,20
Ecru Oak,Woodmatt,Board Decorative,58467,LDF 333618 DS Ecru Oak Woodmatt MR E0,1,In stock at supply site,$549.26 Ea. (Excluding GST),https://www.polytec.com.au/colour/ecru-oak/,2025-08-21T04:51:29Z,Woodmatt,LDF,33,3600,1800,10
Ecru Oak,Woodmatt,Board Decorative,58076,MDF 092712 DS Ecru Oak Woodmatt MR E0,1,In stock at your branch,$151.41 Ea. (Excluding GST),https://www.polytec.com.au/colour/ecru-oak/,2025-08-21T04:51:32Z,Woodmatt,MDF,9,2700,1200,30
Ecru Oak,Woodmatt,Board Decorative,58466,LDF 253618 DS Ecru Oak Woodmatt STD E0,1,In stock at supply site,$474.34 Ea. (Excluding GST),https://www.polytec.com.au/colour/ecru-oak/,2025-08-21T04:51:34Z,Woodmatt,LDF,25,3600,1800,15
Boston Oak,Woodmatt,Board Decorative,51913,MDF 162412 DS Boston Oak Woodmatt MR E0,1,Place order to confirm availability,$135.04 Ea. (Excluding GST),https://www.polytec.com.au/colour/boston-oak/,2025-08-21T04:52:09Z,Woodmatt,MDF,16,2400,1200,30
Boston Oak,Woodmatt,Board Decorative,54309,MDF 163112 DS Boston Oak Woodmatt MR E0,1,Place order to confirm availability,$175.27 Ea. (Excluding GST),https://www.polytec.com.au/colour/boston-oak/,2025-08-21T04:52:12Z,Woodmatt,MDF,16,3115,1200,30
Boston Oak,Woodmatt,Board Decorative,56472,MDF 182412 DS Boston Oak Woodmatt MR E0,1,In stock at supply site,$148.54 Ea. (Excluding GST),https://www.polytec.com.au/colour/boston-oak/,2025-08-21T04:52:15Z,Woodmatt,MDF,18,2400,1200,30
Boston Oak,Woodmatt,Board Decorative,51909,MDF 183618 DS Boston Oak Woodmatt MR E0,1,In stock at supply site,$334.21 Ea. (Excluding GST),https://www.polytec.com.au/colour/boston-oak/,2025-08-21T04:52:17Z,Woodmatt,MDF,18,3600,1800,20
Boston Oak,Woodmatt,Board Decorative,51916,MDF 322412 DS Boston Oak Woodmatt MR E0,1,Place order to confirm availability,$244.11 Ea. (Excluding GST),https://www.polytec.com.au/colour/boston-oak/,2025-08-21T04:52:20Z,Woodmatt,MDF,32,2400,1200,15
Boston Oak,Woodmatt,Board Decorative,56912,MDF 183112 DS Boston Oak Woodmatt MR E0,1,Place order to confirm availability,$192.79 Ea. (Excluding GST),https://www.polytec.com.au/colour/boston-oak/,2025-08-21T04:52:22Z,Woodmatt,MDF,18,3115,1200,30
Boston Oak,Woodmatt,Board Decorative,51915,MDF 252412 DS Boston Oak Woodmatt MR E0,1,In stock at your branch,$221.39 Ea. (Excluding GST),https://www.polytec.com.au/colour/boston-oak/,2025-08-21T04:52:25Z,Woodmatt,MDF,25,2400,1200,20
Boston Oak,Woodmatt,Board Decorative,51911,LDF 333618 DS Boston Oak Woodmatt MR E0,1,In stock at supply site,$549.26 Ea. (Excluding GST),https://www.polytec.com.au/colour/boston-oak/,2025-08-21T04:52:28Z,Woodmatt,LDF,33,3600,1800,10
Boston Oak,Woodmatt,Board Decorative,51910,LDF 253618 DS Boston Oak Woodmatt STD E0,1,In stock at supply site,$474.34 Ea. (Excluding GST),https://www.polytec.com.au/colour/boston-oak/,2025-08-21T04:52:30Z,Woodmatt,LDF,25,3600,1800,15
Boston Oak,Woodmatt,Board Decorative,58066,MDF 092712 DS Boston Oak Woodmatt MR E0,1,In stock at your branch,$151.41 Ea. (Excluding GST),https://www.polytec.com.au/colour/boston-oak/,2025-08-21T04:52:33Z,Woodmatt,MDF,9,2700,1200,30
Laurel Oak,Woodmatt,Board Decorative,57147,MDF 182412 DS Laurel Oak Woodmatt MR E0,1,In stock at your branch,$148.54 Ea. (Excluding GST),https://www.polytec.com.au/colour/laurel-oak/,2025-08-21T04:54:31Z,Woodmatt,MDF,18,2400,1200,30
Laurel Oak,Woodmatt,Board Decorative,58472,LDF 253618 DS Laurel Oak Woodmatt STD E0,1,In stock at supply site,$474.34 Ea. (Excluding GST),https://www.polytec.com.au/colour/laurel-oak/,2025-08-21T04:54:33Z,Woodmatt,LDF,25,3600,1800,15
Laurel Oak,Woodmatt,Board Decorative,58473,LDF 333618 DS Laurel Oak Woodmatt MR E0,1,In stock at supply site,$549.26 Ea. (Excluding GST),https://www.polytec.com.au/colour/laurel-oak/,2025-08-21T04:54:36Z,Woodmatt,LDF,33,3600,1800,10
Laurel Oak,Woodmatt,Board Decorative,57148,MDF 183112 DS Laurel Oak Woodmatt MR E0,1,In stock at supply site,$192.79 Ea. (Excluding GST),https://www.polytec.com.au/colour/laurel-oak/,2025-08-21T04:54:39Z,Woodmatt,MDF,18,3115,1200,30
Laurel Oak,Woodmatt,Board Decorative,57149,MDF 252412 DS Laurel Oak Woodmatt MR E0,1,In stock at supply site,$221.39 Ea. (Excluding GST),https://www.polytec.com.au/colour/laurel-oak/,2025-08-21T04:54:41Z,Woodmatt,MDF,25,2400,1200,20
Laurel Oak,Woodmatt,Board Decorative,58082,MDF 092712 DS Laurel Oak Woodmatt MR E0,1,In stock at your branch,$151.41 Ea. (Excluding GST),https://www.polytec.com.au/colour/laurel-oak/,2025-08-21T04:54:44Z,Woodmatt,MDF,9,2700,1200,30
Laurel Oak,Woodmatt,Board Decorative,58471,MDF 183618 DS Laurel Oak Woodmatt MR E0,1,In stock at supply site,$334.21 Ea. (Excluding GST),https://www.polytec.com.au/colour/laurel-oak/,2025-08-21T04:54:46Z,Woodmatt,MDF,18,3600,1800,20
Botany Oak,Woodmatt,Board Decorative,57151,MDF 182412 DS Botany Oak Woodmatt MR E0,1,In stock at your branch,$148.54 Ea. (Excluding GST),https://www.polytec.com.au/colour/botany-oak/,2025-08-21T04:55:22Z,Woodmatt,MDF,18,2400,1200,30
Botany Oak,Woodmatt,Board Decorative,57152,MDF 183112 DS Botany Oak Woodmatt MR E0,1,In stock at your branch,$192.79 Ea. (Excluding GST),https://www.polytec.com.au/colour/botany-oak/,2025-08-21T04:55:24Z,Woodmatt,MDF,18,3115,1200,30
Botany Oak,Woodmatt,Board Decorative,57153,MDF 252412 DS Botany Oak Woodmatt MR E0,1,In stock at supply site,$221.39 Ea. (Excluding GST),https://www.polytec.com.au/colour/botany-oak/,2025-08-21T04:55:27Z,Woodmatt,MDF,25,2400,1200,20
Botany Oak,Woodmatt,Board Decorative,58456,MDF 183618 DS Botany Oak Woodmatt MR E0,1,In stock at your branch,$334.21 Ea. (Excluding GST),https://www.polytec.com.au/colour/botany-oak/,2025-08-21T04:55:29Z,Woodmatt,MDF,18,3600,1800,20
Botany Oak,Woodmatt,Board Decorative,58068,MDF 092712 DS Botany Oak Woodmatt MR E0,1,In stock at your branch,$151.41 Ea. (Excluding GST),https://www.polytec.com.au/colour/botany-oak/,2025-08-21T04:55:32Z,Woodmatt,MDF,9,2700,1200,30
Botany Oak,Woodmatt,Board Decorative,58457,LDF 253618 DS Botany Oak Woodmatt STD E0,1,In stock at supply site,$474.34 Ea. (Excluding GST),https://www.polytec.com.au/colour/botany-oak/,2025-08-21T04:55:35Z,Woodmatt,LDF,25,3600,1800,15
Botany Oak,Woodmatt,Board Decorative,58458,LDF 333618 DS Botany Oak Woodmatt MR E0,1,In stock at supply site,$549.26 Ea. (Excluding GST),https://www.polytec.com.au/colour/botany-oak/,2025-08-21T04:55:37Z,Woodmatt,LDF,33,3600,1800,10
Manor Oak,Woodmatt,Board Decorative,57155,MDF 182412 DS Manor Oak Woodmatt MR E0,1,In stock at your branch,$148.54 Ea. (Excluding GST),https://www.polytec.com.au/colour/manor-oak/,2025-08-21T04:56:13Z,Woodmatt,MDF,18,2400,1200,30
Manor Oak,Woodmatt,Board Decorative,57156,MDF 183112 DS Manor Oak Woodmatt MR E0,1,In stock at your branch,$192.79 Ea. (Excluding GST),https://www.polytec.com.au/colour/manor-oak/,2025-08-21T04:56:15Z,Woodmatt,MDF,18,3115,1200,30
Manor Oak,Woodmatt,Board Decorative,57157,MDF 252412 DS Manor Oak Woodmatt MR E0,1,In stock at supply site,$221.39 Ea. (Excluding GST),https://www.polytec.com.au/colour/manor-oak/,2025-08-21T04:56:18Z,Woodmatt,MDF,25,2400,1200,20
Manor Oak,Woodmatt,Board Decorative,58474,MDF 183618 DS Manor Oak Woodmatt MR E0,1,In stock at your branch,$334.21 Ea. (Excluding GST),https://www.polytec.com.au/colour/manor-oak/,2025-08-21T04:56:20Z,Woodmatt,MDF,18,3600,1800,20
Manor Oak,Woodmatt,Board Decorative,58476,LDF 333618 DS Manor Oak Woodmatt MR E0,1,In stock at supply site,$549.26 Ea. (Excluding GST),https://www.polytec.com.au/colour/manor-oak/,2025-08-21T04:56:23Z,Woodmatt,LDF,33,3600,1800,10
Manor Oak,Woodmatt,Board Decorative,58084,MDF 092712 DS Manor Oak Woodmatt MR E0,1,In stock at your branch,$151.41 Ea. (Excluding GST),https://www.polytec.com.au/colour/manor-oak/,2025-08-21T04:56:25Z,Woodmatt,MDF,9,2700,1200,30
Manor Oak,Woodmatt,Board Decorative,58475,LDF 253618 DS Manor Oak Woodmatt STD E0,1,In stock at supply site,$474.34 Ea. (Excluding GST),https://www.polytec.com.au/colour/manor-oak/,2025-08-21T04:56:28Z,Woodmatt,LDF,25,3600,1800,15
Hazel Oak,Woodmatt,Board Decorative,57163,MDF 182412 DS Hazel Oak Woodmatt MR E0,1,In stock at your branch,$148.54 Ea. (Excluding GST),https://www.polytec.com.au/colour/hazel-oak/,2025-08-21T04:59:54Z,Woodmatt,MDF,18,2400,1200,30
Hazel Oak,Woodmatt,Board Decorative,57164,MDF 183112 DS Hazel Oak Woodmatt MR E0,1,In stock at your branch,$192.79 Ea. (Excluding GST),https://www.polytec.com.au/colour/hazel-oak/,2025-08-21T04:59:56Z,Woodmatt,MDF,18,3115,1200,30
Hazel Oak,Woodmatt,Board Decorative,58468,MDF 183618 DS Hazel Oak Woodmatt MR E0,1,In stock at your branch,$334.21 Ea. (Excluding GST),https://www.polytec.com.au/colour/hazel-oak/,2025-08-21T04:59:59Z,Woodmatt,MDF,18,3600,1800,20
Hazel Oak,Woodmatt,Board Decorative,57165,MDF 252412 DS Hazel Oak Woodmatt MR E0,1,In stock at supply site,$221.39 Ea. (Excluding GST),https://www.polytec.com.au/colour/hazel-oak/,2025-08-21T05:00:01Z,Woodmatt,MDF,25,2400,1200,20
Hazel Oak,Woodmatt,Board Decorative,58470,LDF 333618 DS Hazel Oak Woodmatt MR E0,1,In stock at supply site,$549.26 Ea. (Excluding GST),https://www.polytec.com.au/colour/hazel-oak/,2025-08-21T05:00:04Z,Woodmatt,LDF,33,3600,1800,10
Hazel Oak,Woodmatt,Board Decorative,58080,MDF 092712 DS Hazel Oak Woodmatt MR E0,1,In stock at your branch,$151.41 Ea. (Excluding GST),https://www.polytec.com.au/colour/hazel-oak/,2025-08-21T05:00:07Z,Woodmatt,MDF,9,2700,1200,30
Hazel Oak,Woodmatt,Board Decorative,58469,LDF 253618 DS Hazel Oak Woodmatt STD E0,1,In stock at your branch,$474.34 Ea. (Excluding GST),https://www.polytec.com.au/colour/hazel-oak/,2025-08-21T05:00:09Z,Woodmatt,LDF,25,3600,1800,15
Society Oak,Woodmatt,Board Decorative,58092,MDF 092712 DS Society Oak Woodmatt MR E0,1,In stock at your branch,$151.41 Ea. (Excluding GST),https://www.polytec.com.au/colour/society-oak/,2025-08-21T05:00:45Z,Woodmatt,MDF,9,2700,1200,30
Society Oak,Woodmatt,Board Decorative,57159,MDF 182412 DS Society Oak Woodmatt MR E0,1,In stock at your branch,$148.54 Ea. (Excluding GST),https://www.polytec.com.au/colour/society-oak/,2025-08-21T05:00:47Z,Woodmatt,MDF,18,2400,1200,30
Society Oak,Woodmatt,Board Decorative,57160,MDF 183112 DS Society Oak Woodmatt MR E0,1,In stock at your branch,$192.79 Ea. (Excluding GST),https://www.polytec.com.au/colour/society-oak/,2025-08-21T05:00:50Z,Woodmatt,MDF,18,3115,1200,30
Society Oak,Woodmatt,Board Decorative,57161,MDF 252412 DS Society Oak Woodmatt MR E0,1,In stock at supply site,$221.39 Ea. (Excluding GST),https://www.polytec.com.au/colour/society-oak/,2025-08-21T05:00:52Z,Woodmatt,MDF,25,2400,1200,20
Society Oak,Woodmatt,Board Decorative,58480,MDF 183618 DS Society Oak Woodmatt MR E0,1,In stock at your branch,$334.21 Ea. (Excluding GST),https://www.polytec.com.au/colour/society-oak/,2025-08-21T05:00:55Z,Woodmatt,MDF,18,3600,1800,20
Society Oak,Woodmatt,Board Decorative,58481,LDF 253618 DS Society Oak Woodmatt STD E0,1,In stock at supply site,$474.34 Ea. (Excluding GST),https://www.polytec.com.au/colour/society-oak/,2025-08-21T05:00:57Z,Woodmatt,LDF,25,3600,1800,15
Society Oak,Woodmatt,Board Decorative,58482,LDF 333618 DS Society Oak Woodmatt MR E0,1,In stock at supply site,$549.26 Ea. (Excluding GST),https://www.polytec.com.au/colour/society-oak/,2025-08-21T05:01:00Z,Woodmatt,LDF,33,3600,1800,10
District Oak,Woodmatt,Board Decorative,57167,MDF 182412 DS District Oak Woodmatt MR E0,1,In stock at your branch,$148.54 Ea. (Excluding GST),https://www.polytec.com.au/colour/district-oak/,2025-08-21T05:01:36Z,Woodmatt,MDF,18,2400,1200,30
District Oak,Woodmatt,Board Decorative,58463,LDF 253618 DS District Oak Woodmatt STD E0,1,In stock at supply site,$474.34 Ea. (Excluding GST),https://www.polytec.com.au/colour/district-oak/,2025-08-21T05:01:38Z,Woodmatt,LDF,25,3600,1800,15
District Oak,Woodmatt,Board Decorative,58464,LDF 333618 DS District Oak Woodmatt MR E0,1,In stock at supply site,$549.26 Ea. (Excluding GST),https://www.polytec.com.au/colour/district-oak/,2025-08-21T05:01:41Z,Woodmatt,LDF,33,3600,1800,10
District Oak,Woodmatt,Board Decorative,57168,MDF 183112 DS District Oak Woodmatt MR E0,1,In stock at your branch,$192.79 Ea. (Excluding GST),https://www.polytec.com.au/colour/district-oak/,2025-08-21T05:01:43Z,Woodmatt,MDF,18,3115,1200,30
District Oak,Woodmatt,Board Decorative,57169,MDF 252412 DS District Oak Woodmatt MR E0,1,In stock at supply site,$221.39 Ea. (Excluding GST),https://www.polytec.com.au/colour/district-oak/,2025-08-21T05:01:46Z,Woodmatt,MDF,25,2400,1200,20
District Oak,Woodmatt,Board Decorative,58462,MDF 183618 DS District Oak Woodmatt MR E0,1,In stock at your branch,$334.21 Ea. (Excluding GST),https://www.polytec.com.au/colour/district-oak/,2025-08-21T05:01:48Z,Woodmatt,MDF,18,3600,1800,20
District Oak,Woodmatt,Board Decorative,58074,MDF 092712 DS District Oak Woodmatt MR E0,1,In stock at your branch,$151.41 Ea. (Excluding GST),https://www.polytec.com.au/colour/district-oak/,2025-08-21T05:01:51Z,Woodmatt,MDF,9,2700,1200,30
Bronzed Oak,Woodmatt,Board Decorative,57171,MDF 182412 DS Bronzed Oak Woodmatt MR E0,1,In stock at your branch,$148.54 Ea. (Excluding GST),https://www.polytec.com.au/colour/bronzed-oak/,2025-08-21T05:02:26Z,Woodmatt,MDF,18,2400,1200,30
Bronzed Oak,Woodmatt,Board Decorative,58460,LDF 253618 DS Bronzed Oak Woodmatt STD E0,1,In stock at your branch,$474.34 Ea. (Excluding GST),https://www.polytec.com.au/colour/bronzed-oak/,2025-08-21T05:02:29Z,Woodmatt,LDF,25,3600,1800,15
Bronzed Oak,Woodmatt,Board Decorative,57172,MDF 183112 DS Bronzed Oak Woodmatt MR E0,1,In stock at your branch,$192.79 Ea. (Excluding GST),https://www.polytec.com.au/colour/bronzed-oak/,2025-08-21T05:02:32Z,Woodmatt,MDF,18,3115,1200,30
Bronzed Oak,Woodmatt,Board Decorative,57173,MDF 252412 DS Bronzed Oak Woodmatt MR E0,1,In stock at supply site,$221.39 Ea. (Excluding GST),https://www.polytec.com.au/colour/bronzed-oak/,2025-08-21T05:02:34Z,Woodmatt,MDF,25,2400,1200,20
Bronzed Oak,Woodmatt,Board Decorative,58072,MDF 092712 DS Bronzed Oak Woodmatt MR E0,1,In stock at your branch,$151.41 Ea. (Excluding GST),https://www.polytec.com.au/colour/bronzed-oak/,2025-08-21T05:02:37Z,Woodmatt,MDF,9,2700,1200,30
Bronzed Oak,Woodmatt,Board Decorative,58459,MDF 183618 DS Bronzed Oak Woodmatt MR E0,1,In stock at supply site,$334.21 Ea. (Excluding GST),https://www.polytec.com.au/colour/bronzed-oak/,2025-08-21T05:02:39Z,Woodmatt,MDF,18,3600,1800,20
Bronzed Oak,Woodmatt,Board Decorative,58461,LDF 333618 DS Bronzed Oak Woodmatt MR E0,1,In stock at supply site,$549.26 Ea. (Excluding GST),https://www.polytec.com.au/colour/bronzed-oak/,2025-08-21T05:02:42Z,Woodmatt,LDF,33,3600,1800,10
Rubra Oak,Woodmatt,Board Decorative,57179,MDF 182412 DS Rubra Oak Woodmatt MR E0,1,In stock at your branch,$148.54 Ea. (Excluding GST),https://www.polytec.com.au/colour/rubra-oak/,2025-08-21T05:14:35Z,Woodmatt,MDF,18,2400,1200,30
Rubra Oak,Woodmatt,Board Decorative,57180,MDF 183112 DS Rubra Oak Woodmatt MR E0,1,In stock at your branch,$192.79 Ea. (Excluding GST),https://www.polytec.com.au/colour/rubra-oak/,2025-08-21T05:14:37Z,Woodmatt,MDF,18,3115,1200,30
Rubra Oak,Woodmatt,Board Decorative,57181,MDF 252412 DS Rubra Oak Woodmatt MR E0,1,In stock at supply site,$221.39 Ea. (Excluding GST),https://www.polytec.com.au/colour/rubra-oak/,2025-08-21T05:14:40Z,Woodmatt,MDF,25,2400,1200,20
Rubra Oak,Woodmatt,Board Decorative,58477,MDF 183618 DS Rubra Oak Woodmatt MR E0,1,In stock at your branch,$334.21 Ea. (Excluding GST),https://www.polytec.com.au/colour/rubra-oak/,2025-08-21T05:14:42Z,Woodmatt,MDF,18,3600,1800,20
Rubra Oak,Woodmatt,Board Decorative,58090,MDF 092712 DS Rubra Oak Woodmatt MR E0,1,In stock at your branch,$151.41 Ea. (Excluding GST),https://www.polytec.com.au/colour/rubra-oak/,2025-08-21T05:14:45Z,Woodmatt,MDF,9,2700,1200,30
Rubra Oak,Woodmatt,Board Decorative,58479,LDF 333618 DS Rubra Oak Woodmatt MR E0,1,In stock at supply site,$549.26 Ea. (Excluding GST),https://www.polytec.com.au/colour/rubra-oak/,2025-08-21T05:14:48Z,Woodmatt,LDF,33,3600,1800,10
Rubra Oak,Woodmatt,Board Decorative,58478,LDF 253618 DS Rubra Oak Woodmatt STD E0,1,In stock at supply site,$474.34 Ea. (Excluding GST),https://www.polytec.com.au/colour/rubra-oak/,2025-08-21T05:14:50Z,Woodmatt,LDF,25,3600,1800,15
Blackened Oak,Woodmatt,Board Decorative,57175,MDF 182412 DS Blackened Oak Woodmatt MR E0,1,In stock at your branch,$148.54 Ea. (Excluding GST),https://www.polytec.com.au/colour/blackened-oak/,2025-08-21T05:15:25Z,Woodmatt,MDF,18,2400,1200,30
Blackened Oak,Woodmatt,Board Decorative,57176,MDF 183112 DS Blackened Oak Woodmatt MR E0,1,In stock at your branch,$192.79 Ea. (Excluding GST),https://www.polytec.com.au/colour/blackened-oak/,2025-08-21T05:15:28Z,Woodmatt,MDF,18,3115,1200,30
Blackened Oak,Woodmatt,Board Decorative,57177,MDF 252412 DS Blackened Oak Woodmatt MR E0,1,In stock at supply site,$221.39 Ea. (Excluding GST),https://www.polytec.com.au/colour/blackened-oak/,2025-08-21T05:15:30Z,Woodmatt,MDF,25,2400,1200,20
Blackened Oak,Woodmatt,Board Decorative,58450,MDF 183618 DS Blackened Oak Woodmatt MR E0,1,In stock at supply site,$334.21 Ea. (Excluding GST),https://www.polytec.com.au/colour/blackened-oak/,2025-08-21T05:15:33Z,Woodmatt,MDF,18,3600,1800,20
Blackened Oak,Woodmatt,Board Decorative,58452,LDF 333618 DS Blackened Oak Woodmatt MR E0,1,In stock at supply site,$549.26 Ea. (Excluding GST),https://www.polytec.com.au/colour/blackened-oak/,2025-08-21T05:15:35Z,Woodmatt,LDF,33,3600,1800,10
Blackened Oak,Woodmatt,Board Decorative,58062,MDF 092712 DS Blackened Oak Woodmatt MR E0,1,In stock at your branch,$151.41 Ea. (Excluding GST),https://www.polytec.com.au/colour/blackened-oak/,2025-08-21T05:15:38Z,Woodmatt,MDF,9,2700,1200,30
Blackened Oak,Woodmatt,Board Decorative,58451,LDF 253618 DS Blackened Oak Woodmatt STD E0,1,In stock at your branch,$474.34 Ea. (Excluding GST),https://www.polytec.com.au/colour/blackened-oak/,2025-08-21T05:15:40Z,Woodmatt,LDF,25,3600,1800,15
Dark Batten Oak,Woodmatt,Board Decorative,57264,MDF 092412 DS Dark Batten Oak Woodmatt MR E0,1,In stock at supply site,$134.58 Ea. (Excluding GST),https://www.polytec.com.au/colour/dark-batten-oak/,2025-08-21T05:16:24Z,Woodmatt,MDF,9,2400,1200,30
Dark Batten Oak,Woodmatt,Board Decorative,57262,MDF 182412 DS Dark Batten Oak Woodmatt MR E0,1,In stock at your branch,$148.54 Ea. (Excluding GST),https://www.polytec.com.au/colour/dark-batten-oak/,2025-08-21T05:16:26Z,Woodmatt,MDF,18,2400,1200,30
Dark Batten Oak,Woodmatt,Board Decorative,57263,MDF 183112 DS Dark Batten Oak Woodmatt MR E0,1,In stock at your branch,$192.79 Ea. (Excluding GST),https://www.polytec.com.au/colour/dark-batten-oak/,2025-08-21T05:16:29Z,Woodmatt,MDF,18,3115,1200,30
Batten Oak,Woodmatt,Board Decorative,56254,MDF 182412 DS Batten Oak Woodmatt MR E0,1,In stock at your branch,$148.54 Ea. (Excluding GST),https://www.polytec.com.au/colour/batten-oak/,2025-08-21T05:16:48Z,Woodmatt,MDF,18,2400,1200,30
Batten Oak,Woodmatt,Board Decorative,56255,MDF 183112 DS Batten Oak Woodmatt MR E0,1,In stock at supply site,$192.79 Ea. (Excluding GST),https://www.polytec.com.au/colour/batten-oak/,2025-08-21T05:16:51Z,Woodmatt,MDF,18,3115,1200,30
Batten Oak,Woodmatt,Board Decorative,56493,MDF 092412 DS Batten Oak Woodmatt MR E0,1,In stock at supply site,$134.58 Ea. (Excluding GST),https://www.polytec.com.au/colour/batten-oak/,2025-08-21T05:16:53Z,Woodmatt,MDF,9,2400,1200,30
Danish Rattan,Woodmatt,Board Decorative,56524,MDF 182412 DS Danish Rattan Woodmatt MR E0,1,In stock at your branch,$148.54 Ea. (Excluding GST),https://www.polytec.com.au/colour/danish-rattan/,2025-08-21T05:17:20Z,Woodmatt,MDF,18,2400,1200,30
Danish Rattan,Woodmatt,Board Decorative,56526,MDF 092712 DS Danish Rattan Woodmatt MR E0,1,In stock at supply site,$151.41 Ea. (Excluding GST),https://www.polytec.com.au/colour/danish-rattan/,2025-08-21T05:17:22Z,Woodmatt,MDF,9,2700,1200,30
Danish Rattan,Woodmatt,Board Decorative,56525,MDF 183112 DS Danish Rattan Woodmatt MR E0,1,In stock at your branch,$192.79 Ea. (Excluding GST),https://www.polytec.com.au/colour/danish-rattan/,2025-08-21T05:17:25Z,Woodmatt,MDF,18,3115,1200,30 .
Swiss Rattan,Woodmatt,Board Decorative,56521,MDF 183112 DS Swiss Rattan Woodmatt MR E0,1,In stock at supply site,$192.79 Ea. (Excluding GST),https://www.polytec.com.au/colour/swiss-rattan/,2025-08-21T05:17:32Z,Woodmatt,MDF,18,3115,1200,30 .
Swiss Rattan,Woodmatt,Board Decorative,56520,MDF 182412 DS Swiss Rattan Woodmatt MR E0,1,In stock at your branch,$148.54 Ea. (Excluding GST),https://www.polytec.com.au/colour/swiss-rattan/,2025-08-21T05:17:35Z,Woodmatt,MDF,18,2400,1200,30
Swiss Rattan,Woodmatt,Board Decorative,56522,MDF 092712 DS Swiss Rattan Woodmatt MR E0,1,In stock at supply site,$151.41 Ea. (Excluding GST),https://www.polytec.com.au/colour/swiss-rattan/,2025-08-21T05:17:37Z,Woodmatt,MDF,9,2700,1200,30
Italian Cotton,Matt,Board Decorative,55362,Particle 162412 DS Italian Cotton Matt MR,1,In stock at your branch,$60.77 Ea. (Excluding GST),https://www.polytec.com.au/colour/italian-cotton/,2025-08-21T05:17:44Z,Matt,Particleboard,16,2400,1200,30
Italian Cotton,Matt,Board Decorative,55364,Particle 162418 DS Italian Cotton Matt MR,1,In stock at supply site,$91.15 Ea. (Excluding GST),https://www.polytec.com.au/colour/italian-cotton/,2025-08-21T05:17:47Z,Matt,Particleboard,16,2400,1800,30
Natural Cotton,Matt,Board Decorative,55363,Particle 162412 DS Natural Cotton Matt MR,1,In stock at your branch,$60.77 Ea. (Excluding GST),https://www.polytec.com.au/colour/natural-cotton/,2025-08-21T05:17:57Z,Matt,Particleboard,16,2400,1200,30
Natural Cotton,Matt,Board Decorative,55365,Particle 162418 DS Natural Cotton Matt MR,1,In stock at supply site,$91.15 Ea. (Excluding GST),https://www.polytec.com.au/colour/natural-cotton/,2025-08-21T05:17:59Z,Matt,Particleboard,16,2400,1800,30
Aston White,Matt,Board Decorative,53258,Particle 183618 DS Aston White Matt MR,1,In stock at supply site,$320.11 Ea. (Excluding GST),https://www.polytec.com.au/colour/aston-white/,2025-08-21T05:18:10Z,Matt,Particleboard,18,3600,1800,20
Aston White,Matt,Board Decorative,57071,LDF 333618 DS Aston White Matt MR E0,1,In stock at supply site,$584.11 Ea. (Excluding GST),https://www.polytec.com.au/colour/aston-white/,2025-08-21T05:18:12Z,Matt,LDF,33,3600,1800,10
Aston White,Matt,Board Decorative,57070,LDF 253618 DS Aston White Matt STD E0,1,In stock at your branch,$231.21 Ea. (Excluding GST),https://www.polytec.com.au/colour/aston-white/,2025-08-21T05:18:15Z,Matt,LDF,25,3600,1800,15
Aston White,Smooth,Board Decorative,51420,MDF 162412 DS Aston White Smooth MR E0 Film,1,In stock at your branch,$133.88 Ea. (Excluding GST),https://www.polytec.com.au/colour/aston-white/,2025-08-21T05:18:27Z,Smooth,MDF,16,2400,1200,30
Aston White,Smooth,Board Decorative,56245,MDF 183112 DS Aston White Smooth MR E0 Film Down,1,In stock at supply site,$224.92 Ea. (Excluding GST),https://www.polytec.com.au/colour/aston-white/,2025-08-21T05:18:30Z,Smooth,MDF,18,3115,1200,30
Aston White,Smooth,Board Decorative,56673,MDF 253112 DS Aston White Smooth MR E0 Film Down,1,In stock at supply site,$239.42 Ea. (Excluding GST),https://www.polytec.com.au/colour/aston-white/,2025-08-21T05:18:32Z,Smooth,MDF,25,3115,1200,20
Aston White,Smooth,Board Decorative,56674,MDF 323112 DS Aston White Smooth MR E0 Film Down,1,In stock at supply site,$353.76 Ea. (Excluding GST),https://www.polytec.com.au/colour/aston-white/,2025-08-21T05:18:35Z,Smooth,MDF,32,3115,1200,15
Gossamer White,Ravine,Board Decorative,55474,MDF 182412 DS Gossamer White Ravine MR E0,1,In stock at your branch,$118.03 Ea. (Excluding GST),https://www.polytec.com.au/colour/gossamer-white/,2025-08-21T05:19:03Z,Ravine,MDF,18,2400,1200,30
Gossamer White,Ravine,Board Decorative,55475,MDF 183112 DS Gossamer White Ravine MR E0,1,In stock at supply site,$153.19 Ea. (Excluding GST),https://www.polytec.com.au/colour/gossamer-white/,2025-08-21T05:19:06Z,Ravine,MDF,18,3115,1200,30
Gossamer White,Ravine,Board Decorative,55660,MDF 322412 DS Gossamer White Ravine MR E0,1,In stock at supply site,$202.27 Ea. (Excluding GST),https://www.polytec.com.au/colour/gossamer-white/,2025-08-21T05:19:09Z,Ravine,MDF,32,2400,1200,15
Gossamer White,Ravine,Board Decorative,55476,MDF 252412 DS Gossamer White Ravine MR E0,1,In stock at supply site,$202.79 Ea. (Excluding GST),https://www.polytec.com.au/colour/gossamer-white/,2025-08-21T05:19:11Z,Ravine,MDF,25,2400,1200,20
Gossamer White,Smooth,Board Decorative,52854,MDF 162412 DS Gossamer White Smooth MR E0 Film,1,In stock at your branch,$133.88 Ea. (Excluding GST),https://www.polytec.com.au/colour/gossamer-white/,2025-08-21T05:19:30Z,Smooth,MDF,16,2400,1200,30
Verdelho,Smooth,Board Decorative,52828,MDF 162412 DS Verdelho Smooth MR E0 Film,1,In stock at your branch,$133.88 Ea. (Excluding GST),https://www.polytec.com.au/colour/verdelho/,2025-08-21T05:20:02Z,Smooth,MDF,16,2400,1200,30
Verdelho,Smooth,Board Decorative,56693,MDF 183112 DS Verdelho Smooth MR E0 Film Down,1,In stock at supply site,$224.92 Ea. (Excluding GST),https://www.polytec.com.au/colour/verdelho/,2025-08-21T05:20:05Z,Smooth,MDF,18,3115,1200,30
Verdelho,Smooth,Board Decorative,56695,MDF 323112 DS Verdelho Smooth MR E0 Film Down,1,In stock at supply site,$353.76 Ea. (Excluding GST),https://www.polytec.com.au/colour/verdelho/,2025-08-21T05:20:07Z,Smooth,MDF,32,3115,1200,15
Verdelho,Smooth,Board Decorative,56694,MDF 253112 DS Verdelho Smooth MR E0 Film Down,1,In stock at supply site,$239.42 Ea. (Excluding GST),https://www.polytec.com.au/colour/verdelho/,2025-08-21T05:20:10Z,Smooth,MDF,25,3115,1200,20
Pallido,Smooth,Board Decorative,51423,MDF 162412 DS Pallido Smooth MR E0 Film,1,In stock at your branch,$133.88 Ea. (Excluding GST),https://www.polytec.com.au/colour/pallido/,2025-08-21T05:20:48Z,Smooth,MDF,16,2400,1200,30
Elemental Grey,Ravine,Board Decorative,55622,MDF 322412 DS Elemental Grey Ravine MR E0,1,In stock at supply site,$202.27 Ea. (Excluding GST),https://www.polytec.com.au/colour/elemental-grey/,2025-08-21T05:21:20Z,Ravine,MDF,32,2400,1200,15
Elemental Grey,Ravine,Board Decorative,55619,MDF 182412 DS Elemental Grey Ravine MR E0,1,In stock at supply site,$118.03 Ea. (Excluding GST),https://www.polytec.com.au/colour/elemental-grey/,2025-08-21T05:21:22Z,Ravine,MDF,18,2400,1200,30
Elemental Grey,Ravine,Board Decorative,55620,MDF 183112 DS Elemental Grey Ravine MR E0,1,In stock at supply site,$153.19 Ea. (Excluding GST),https://www.polytec.com.au/colour/elemental-grey/,2025-08-21T05:21:25Z,Ravine,MDF,18,3115,1200,30
Elemental Grey,Ravine,Board Decorative,55621,MDF 252412 DS Elemental Grey Ravine MR E0,1,In stock at supply site,$202.79 Ea. (Excluding GST),https://www.polytec.com.au/colour/elemental-grey/,2025-08-21T05:21:28Z,Ravine,MDF,25,2400,1200,20
Elemental Grey,Smooth,Board Decorative,52872,MDF 162412 DS Elemental Grey Smooth MR E0 Film,1,In stock at your branch,$133.88 Ea. (Excluding GST),https://www.polytec.com.au/colour/elemental-grey/,2025-08-21T05:21:46Z,Smooth,MDF,16,2400,1200,30
Agave,Smooth,Board Decorative,51419,MDF 162412 DS Agave Smooth MR E0 Film,1,In stock at your branch,$133.88 Ea. (Excluding GST),https://www.polytec.com.au/colour/agave/,2025-08-21T05:22:18Z,Smooth,MDF,16,2400,1200,30
Evergreen,Ultramatt,Board Decorative,56828,Ultraglaze MDF 182412 SS Evergreen Ultramatt MR E0,1,In stock at your branch,$167.65 Ea. (Excluding GST),https://www.polytec.com.au/colour/evergreen/,2025-08-21T05:24:24Z,Ultramatt,MDF,18,2400,1200,30
Evergreen,Ultramatt,Board Decorative,56829,Ultraglaze MDF 182412 DS Evergreen Ultramatt MR E0,1,In stock at your branch,$392.86 Ea. (Excluding GST),https://www.polytec.com.au/colour/evergreen/,2025-08-21T05:24:27Z,Ultramatt,MDF,18,2400,1200,30
Mercurio Grey,Smooth,Board Decorative,52918,MDF 162412 DS Mercurio Grey Smooth MR E0 Film,1,In stock at your branch,$133.88 Ea. (Excluding GST),https://www.polytec.com.au/colour/mercurio-grey/,2025-08-21T05:25:12Z,Smooth,MDF,16,2400,1200,30
Mercurio Grey,Smooth,Board Decorative,56684,MDF 183112 DS Mercurio Grey Smooth MR E0 Film Down,1,In stock at supply site,$224.92 Ea. (Excluding GST),https://www.polytec.com.au/colour/mercurio-grey/,2025-08-21T05:25:14Z,Smooth,MDF,18,3115,1200,30
Mercurio Grey,Smooth,Board Decorative,56685,MDF 253112 DS Mercurio Grey Smooth MR E0 Film Down,1,In stock at supply site,$239.42 Ea. (Excluding GST),https://www.polytec.com.au/colour/mercurio-grey/,2025-08-21T05:25:17Z,Smooth,MDF,25,3115,1200,20
Mercurio Grey,Smooth,Board Decorative,56686,MDF 323112 DS Mercurio Grey Smooth MR E0 Film Down,1,In stock at supply site,$353.76 Ea. (Excluding GST),https://www.polytec.com.au/colour/mercurio-grey/,2025-08-21T05:25:20Z,Smooth,MDF,32,3115,1200,15
Arabica,Smooth,Board Decorative,52227,MDF 162412 DS Arabica Smooth MR E0 Film,1,In stock at your branch,$133.88 Ea. (Excluding GST),https://www.polytec.com.au/colour/arabica/,2025-08-21T05:27:23Z,Smooth,MDF,16,2400,1200,30
Arabica,Venette,Board Decorative,54734,MDF 182412 SS Arabica Venette LMG E0,1,In stock at your branch,$237.51 Ea. (Excluding GST),https://www.polytec.com.au/colour/arabica/,2025-08-21T05:27:39Z,Venette,MDF,18,2400,1200,30
Arabica,Venette,Board Decorative,54735,MDF 182412 DS Arabica Venette LMG E0,1,In stock at supply site,$392.86 Ea. (Excluding GST),https://www.polytec.com.au/colour/arabica/,2025-08-21T05:27:41Z,Venette,MDF,18,2400,1200,30 .
Navy,Ultramatt,Board Decorative,56824,Ultraglaze MDF 182412 SS Navy Ultramatt MR E0,1,In stock at your branch,$167.65 Ea. (Excluding GST),https://www.polytec.com.au/colour/navy/,2025-08-21T05:27:56Z,Ultramatt,MDF,18,2400,1200,30
Navy,Ultramatt,Board Decorative,56825,Ultraglaze MDF 182412 DS Navy Ultramatt MR E0,1,In stock at your branch,$392.86 Ea. (Excluding GST),https://www.polytec.com.au/colour/navy/,2025-08-21T05:27:58Z,Ultramatt,MDF,18,2400,1200,30
Oxford,Matt,Board Decorative,49694,MDF 162412 DS Oxford Matt MR E0,1,In stock at supply site,$72.00 Ea. (Excluding GST),https://www.polytec.com.au/colour/oxford/,2025-08-21T05:28:44Z,Matt,MDF,16,2400,1200,30
Oxford,Venette,Board Decorative,48795,MDF 182412 SS Oxford Venette LMG E0,1,In stock at your branch,$237.51 Ea. (Excluding GST),https://www.polytec.com.au/colour/oxford/,2025-08-21T05:28:59Z,Venette,MDF,18,2400,1200,30
Oxford,Venette,Board Decorative,48791,MDF 182412 DS Oxford Venette LMG E0,1,In stock at your branch,$392.86 Ea. (Excluding GST),https://www.polytec.com.au/colour/oxford/,2025-08-21T05:29:02Z,Venette,MDF,18,2400,1200,15
Quartiera Maple,Woodmatt,Board Decorative,51821,MDF 162412 DS Quartiera Maple Woodmatt MR E0,1,In stock at your branch,$135.04 Ea. (Excluding GST),https://www.polytec.com.au/colour/quartiera-maple/,2025-08-21T05:29:15Z,Woodmatt,MDF,16,2400,1200,30
Quartiera Maple,Woodmatt,Board Decorative,54314,MDF 163112 DS Quartiera Maple Woodmatt MR E0,1,In stock at supply site,$175.27 Ea. (Excluding GST),https://www.polytec.com.au/colour/quartiera-maple/,2025-08-21T05:29:18Z,Woodmatt,MDF,16,3115,1200,30
Quartiera Maple,Woodmatt,Board Decorative,53066,MDF 322412 DS Quartiera Maple Woodmatt MR E0,1,In stock at supply site,$244.11 Ea. (Excluding GST),https://www.polytec.com.au/colour/quartiera-maple/,2025-08-21T05:29:20Z,Woodmatt,MDF,32,2400,1200,15
Quartiera Maple,Woodmatt,Board Decorative,53065,MDF 252412 DS Quartiera Maple Woodmatt MR E0,1,In stock at supply site,$221.39 Ea. (Excluding GST),https://www.polytec.com.au/colour/quartiera-maple/,2025-08-21T05:29:23Z,Woodmatt,MDF,25,2400,1200,20
Natural Ply,Woodmatt,Board Decorative,52602,MDF 162412 DS Natural Ply Woodmatt MR E0,1,In stock at your branch,$135.04 Ea. (Excluding GST),https://www.polytec.com.au/colour/natural-ply/,2025-08-21T05:29:51Z,Woodmatt,MDF,16,2400,1200,30
Natural Ply,Woodmatt,Board Decorative,54311,MDF 163112 DS Natural Ply Woodmatt MR E0,1,In stock at your branch,$175.27 Ea. (Excluding GST),https://www.polytec.com.au/colour/natural-ply/,2025-08-21T05:29:53Z,Woodmatt,MDF,16,3115,1200,30
Natural Ply,Woodmatt,Board Decorative,52598,MDF 183618 DS Natural Ply Woodmatt MR E0,1,Place order to confirm availability,$334.21 Ea. (Excluding GST),https://www.polytec.com.au/colour/natural-ply/,2025-08-21T05:29:56Z,Woodmatt,MDF,18,3600,1800,20
Natural Ply,Woodmatt,Board Decorative,52603,MDF 252412 DS Natural Ply Woodmatt MR E0,1,In stock at your branch,$221.39 Ea. (Excluding GST),https://www.polytec.com.au/colour/natural-ply/,2025-08-21T05:29:58Z,Woodmatt,MDF,25,2400,1200,20
Natural Ply,Woodmatt,Board Decorative,52606,MDF 322412 DS Natural Ply Woodmatt MR E0,1,In stock at supply site,$244.11 Ea. (Excluding GST),https://www.polytec.com.au/colour/natural-ply/,2025-08-21T05:30:01Z,Woodmatt,MDF,32,2400,1200,15
Natural Ply,Woodmatt,Board Decorative,52600,LDF 333618 DS Natural Ply Woodmatt MR E0,1,In stock at supply site,$549.26 Ea. (Excluding GST),https://www.polytec.com.au/colour/natural-ply/,2025-08-21T05:30:04Z,Woodmatt,LDF,33,3600,1800,10
Natural Ply,Woodmatt,Board Decorative,52599,LDF 253618 DS Natural Ply Woodmatt STD E0,1,In stock at supply site,$474.34 Ea. (Excluding GST),https://www.polytec.com.au/colour/natural-ply/,2025-08-21T05:30:06Z,Woodmatt,LDF,25,3600,1800,15
Plantation Ash,Woodmatt,Board Decorative,52661,MDF 162412 DS Plantation Ash Woodmatt MR E0,1,In stock at your branch,$135.04 Ea. (Excluding GST),https://www.polytec.com.au/colour/plantation-ash/,2025-08-21T05:30:37Z,Woodmatt,MDF,16,2400,1200,30
Plantation Ash,Woodmatt,Board Decorative,54313,MDF 163112 DS Plantation Ash Woodmatt MR E0,1,In stock at supply site,$175.27 Ea. (Excluding GST),https://www.polytec.com.au/colour/plantation-ash/,2025-08-21T05:30:40Z,Woodmatt,MDF,16,3115,1200,30
Plantation Ash,Woodmatt,Board Decorative,52657,MDF 183618 DS Plantation Ash Woodmatt MR E0,1,In stock at your branch,$334.21 Ea. (Excluding GST),https://www.polytec.com.au/colour/plantation-ash/,2025-08-21T05:30:42Z,Woodmatt,MDF,18,3600,1800,20
Plantation Ash,Woodmatt,Board Decorative,52663,MDF 322412 DS Plantation Ash Woodmatt MR E0,1,In stock at your branch,$244.11 Ea. (Excluding GST),https://www.polytec.com.au/colour/plantation-ash/,2025-08-21T05:30:45Z,Woodmatt,MDF,32,2400,1200,15
Plantation Ash,Woodmatt,Board Decorative,52662,MDF 252412 DS Plantation Ash Woodmatt MR E0,1,In stock at your branch,$221.39 Ea. (Excluding GST),https://www.polytec.com.au/colour/plantation-ash/,2025-08-21T05:30:48Z,Woodmatt,MDF,25,2400,1200,20
Plantation Ash,Woodmatt,Board Decorative,52659,LDF 333618 DS Plantation Ash Woodmatt MR E0,1,In stock at supply site,$549.26 Ea. (Excluding GST),https://www.polytec.com.au/colour/plantation-ash/,2025-08-21T05:30:50Z,Woodmatt,LDF,33,3600,1800,10
Plantation Ash,Woodmatt,Board Decorative,52658,LDF 253618 DS Plantation Ash Woodmatt STD E0,1,In stock at your branch,$474.34 Ea. (Excluding GST),https://www.polytec.com.au/colour/plantation-ash/,2025-08-21T05:30:53Z,Woodmatt,LDF,25,3600,1800,15
Plantation Ash,Woodmatt,Board Decorative,58087,MDF 092712 DS Plantation Ash Woodmatt MR E0,1,In stock at your branch,$151.41 Ea. (Excluding GST),https://www.polytec.com.au/colour/plantation-ash/,2025-08-21T05:30:55Z,Woodmatt,MDF,9,2700,1200,30
Ligurian Walnut,Woodmatt,Board Decorative,52544,MDF 162412 DS Ligurian Walnut Woodmatt MR E0,1,In stock at your branch,$135.04 Ea. (Excluding GST),https://www.polytec.com.au/colour/ligurian-walnut/,2025-08-21T05:31:24Z,Woodmatt,MDF,16,2400,1200,30
Ligurian Walnut,Woodmatt,Board Decorative,54310,MDF 163112 DS Ligurian Walnut Woodmatt MR E0,1,In stock at your branch,$175.27 Ea. (Excluding GST),https://www.polytec.com.au/colour/ligurian-walnut/,2025-08-21T05:31:27Z,Woodmatt,MDF,16,3115,1200,30
Ligurian Walnut,Woodmatt,Board Decorative,52540,MDF 183618 DS Ligurian Walnut Woodmatt MR E0,1,In stock at your branch,$334.21 Ea. (Excluding GST),https://www.polytec.com.au/colour/ligurian-walnut/,2025-08-21T05:31:29Z,Woodmatt,MDF,18,3600,1800,20
Ligurian Walnut,Woodmatt,Board Decorative,52546,MDF 322412 DS Ligurian Walnut Woodmatt MR E0,1,In stock at your branch,$244.11 Ea. (Excluding GST),https://www.polytec.com.au/colour/ligurian-walnut/,2025-08-21T05:31:32Z,Woodmatt,MDF,32,2400,1200,15
Ligurian Walnut,Woodmatt,Board Decorative,52545,MDF 252412 DS Ligurian Walnut Woodmatt MR E0,1,In stock at your branch,$221.39 Ea. (Excluding GST),https://www.polytec.com.au/colour/ligurian-walnut/,2025-08-21T05:31:34Z,Woodmatt,MDF,25,2400,1200,20
Ligurian Walnut,Woodmatt,Board Decorative,52541,LDF 253618 DS Ligurian Walnut Woodmatt STD E0,1,In stock at your branch,$474.34 Ea. (Excluding GST),https://www.polytec.com.au/colour/ligurian-walnut/,2025-08-21T05:31:37Z,Woodmatt,LDF,25,3600,1800,15
Ligurian Walnut,Woodmatt,Board Decorative,52542,LDF 333618 DS Ligurian Walnut Woodmatt MR E0,1,In stock at supply site,$549.26 Ea. (Excluding GST),https://www.polytec.com.au/colour/ligurian-walnut/,2025-08-21T05:31:40Z,Woodmatt,LDF,33,3600,1800,10
Palomera Oak,Woodmatt,Board Decorative,52574,MDF 162412 DS Palomera Oak Woodmatt MR E0,1,In stock at your branch,$135.04 Ea. (Excluding GST),https://www.polytec.com.au/colour/palomera-oak/,2025-08-21T05:32:15Z,Woodmatt,MDF,16,2400,1200,30
Palomera Oak,Woodmatt,Board Decorative,54312,MDF 163112 DS Palomera Oak Woodmatt MR E0,1,Place order to confirm availability,$175.27 Ea. (Excluding GST),https://www.polytec.com.au/colour/palomera-oak/,2025-08-21T05:32:17Z,Woodmatt,MDF,16,3115,1200,30
Palomera Oak,Woodmatt,Board Decorative,52568,MDF 183618 DS Palomera Oak Woodmatt MR E0,1,In stock at supply site,$334.21 Ea. (Excluding GST),https://www.polytec.com.au/colour/palomera-oak/,2025-08-21T05:32:20Z,Woodmatt,MDF,18,3600,1800,20
Palomera Oak,Woodmatt,Board Decorative,52577,MDF 252412 DS Palomera Oak Woodmatt MR E0,1,In stock at supply site,$221.39 Ea. (Excluding GST),https://www.polytec.com.au/colour/palomera-oak/,2025-08-21T05:32:23Z,Woodmatt,MDF,25,2400,1200,20
Palomera Oak,Woodmatt,Board Decorative,52578,MDF 322412 DS Palomera Oak Woodmatt MR E0,1,In stock at supply site,$244.11 Ea. (Excluding GST),https://www.polytec.com.au/colour/palomera-oak/,2025-08-21T05:32:25Z,Woodmatt,MDF,32,2400,1200,15
Palomera Oak,Woodmatt,Board Decorative,52569,LDF 253618 DS Palomera Oak Woodmatt STD E0,1,In stock at supply site,$474.34 Ea. (Excluding GST),https://www.polytec.com.au/colour/palomera-oak/,2025-08-21T05:32:28Z,Woodmatt,LDF,25,3600,1800,15
Palomera Oak,Woodmatt,Board Decorative,52571,LDF 333618 DS Palomera Oak Woodmatt MR E0,1,In stock at supply site,$549.26 Ea. (Excluding GST),https://www.polytec.com.au/colour/palomera-oak/,2025-08-21T05:32:30Z,Woodmatt,LDF,33,3600,1800,10
Arcadia Oak,Woodmatt,Board Decorative,52098,MDF 162412 DS Arcadia Oak Woodmatt MR E0,1,In stock at your branch,$135.04 Ea. (Excluding GST),https://www.polytec.com.au/colour/arcadia-oak/,2025-08-21T05:32:58Z,Woodmatt,MDF,16,2400,1200,30
Arcadia Oak,Woodmatt,Board Decorative,54307,MDF 163112 DS Arcadia Oak Woodmatt MR E0,1,In stock at supply site,$175.27 Ea. (Excluding GST),https://www.polytec.com.au/colour/arcadia-oak/,2025-08-21T05:33:01Z,Woodmatt,MDF,16,3115,1200,30
Arcadia Oak,Woodmatt,Board Decorative,52094,MDF 183618 DS Arcadia Oak Woodmatt MR E0,1,In stock at your branch,$334.21 Ea. (Excluding GST),https://www.polytec.com.au/colour/arcadia-oak/,2025-08-21T05:33:03Z,Woodmatt,MDF,18,3600,1800,20
Arcadia Oak,Woodmatt,Board Decorative,52095,LDF 253618 DS Arcadia Oak Woodmatt STD E0,1,In stock at supply site,$474.34 Ea. (Excluding GST),https://www.polytec.com.au/colour/arcadia-oak/,2025-08-21T05:33:06Z,Woodmatt,LDF,25,3600,1800,15
Arcadia Oak,Woodmatt,Board Decorative,52099,MDF 252412 DS Arcadia Oak Woodmatt MR E0,1,In stock at your branch,$221.39 Ea. (Excluding GST),https://www.polytec.com.au/colour/arcadia-oak/,2025-08-21T05:33:08Z,Woodmatt,MDF,25,2400,1200,20
Arcadia Oak,Woodmatt,Board Decorative,52096,LDF 333618 DS Arcadia Oak Woodmatt MR E0,1,In stock at supply site,$549.26 Ea. (Excluding GST),https://www.polytec.com.au/colour/arcadia-oak/,2025-08-21T05:33:11Z,Woodmatt,LDF,33,3600,1800,10
Arcadia Oak,Woodmatt,Board Decorative,52513,MDF 322412 DS Arcadia Oak Woodmatt MR E0,1,In stock at supply site,$244.11 Ea. (Excluding GST),https://www.polytec.com.au/colour/arcadia-oak/,2025-08-21T05:33:14Z,Woodmatt,MDF,32,2400,1200,15
Black Ply,Woodmatt,Board Decorative,52640,MDF 162412 DS Black Ply Woodmatt MR E0,1,In stock at your branch,$135.04 Ea. (Excluding GST),https://www.polytec.com.au/colour/black-ply/,2025-08-21T05:33:42Z,Woodmatt,MDF,16,2400,1200,30
Black Ply,Woodmatt,Board Decorative,54308,MDF 163112 DS Black Ply Woodmatt MR E0,1,In stock at your branch,$175.27 Ea. (Excluding GST),https://www.polytec.com.au/colour/black-ply/,2025-08-21T05:33:45Z,Woodmatt,MDF,16,3115,1200,30
Black Ply,Woodmatt,Board Decorative,52620,MDF 183618 DS Black Ply Woodmatt MR E0,1,In stock at your branch,$334.21 Ea. (Excluding GST),https://www.polytec.com.au/colour/black-ply/,2025-08-21T05:33:47Z,Woodmatt,MDF,18,3600,1800,20
Black Ply,Woodmatt,Board Decorative,52641,MDF 252412 DS Black Ply Woodmatt MR E0,1,In stock at your branch,$221.39 Ea. (Excluding GST),https://www.polytec.com.au/colour/black-ply/,2025-08-21T05:33:50Z,Woodmatt,MDF,25,2400,1200,20
Black Ply,Woodmatt,Board Decorative,52621,LDF 253618 DS Black Ply Woodmatt STD E0,1,In stock at supply site,$474.34 Ea. (Excluding GST),https://www.polytec.com.au/colour/black-ply/,2025-08-21T05:33:52Z,Woodmatt,LDF,25,3600,1800,15
Black Ply,Woodmatt,Board Decorative,52642,MDF 322412 DS Black Ply Woodmatt MR E0,1,In stock at your branch,$244.11 Ea. (Excluding GST),https://www.polytec.com.au/colour/black-ply/,2025-08-21T05:33:55Z,Woodmatt,MDF,32,2400,1200,15
Black Ply,Woodmatt,Board Decorative,58060,MDF 092712 DS Black Ply Woodmatt MR E0,1,In stock at your branch,$151.41 Ea. (Excluding GST),https://www.polytec.com.au/colour/black-ply/,2025-08-21T05:33:57Z,Woodmatt,MDF,9,2700,1200,30
Black Ply,Woodmatt,Board Decorative,52622,LDF 333618 DS Black Ply Woodmatt MR E0,1,In stock at supply site,$549.26 Ea. (Excluding GST),https://www.polytec.com.au/colour/black-ply/,2025-08-21T05:34:00Z,Woodmatt,LDF,33,3600,1800,10
Ochre Figured-Wood,Gloss,Board Decorative,54997,MDF 182412 SS Ochre Figured-Wood Gloss LMG E0,1,In stock at your branch,$294.31 Ea. (Excluding GST),https://www.polytec.com.au/colour/ochre-figured-wood/,2025-08-21T05:34:31Z,Gloss,MDF,18,2400,1200,30
Ochre Figured-Wood,Gloss,Board Decorative,54998,MDF 182412 DS Ochre Figured-Wood Gloss LMG E0,1,In stock at your branch,$407.78 Ea. (Excluding GST),https://www.polytec.com.au/colour/ochre-figured-wood/,2025-08-21T05:34:34Z,Gloss,MDF,18,2400,1200,15
Ochre Figured-Wood,Smooth,Board Decorative,52730,MDF 162412 DS Ochre Figured-Wood Smooth MR E0 No Film,1,In stock at supply site,$157.51 Ea. (Excluding GST),https://www.polytec.com.au/colour/ochre-figured-wood/,2025-08-21T05:34:44Z,Smooth,MDF,16,2400,1200,30
Sienna Figured-Wood,Gloss,Board Decorative,55002,MDF 182412 SS Sienna Figured-Wood Gloss LMG E0,1,In stock at your branch,$294.31 Ea. (Excluding GST),https://www.polytec.com.au/colour/sienna-figured-wood/,2025-08-21T05:35:09Z,Gloss,MDF,18,2400,1200,30
Sienna Figured-Wood,Gloss,Board Decorative,55003,MDF 182412 DS Sienna Figured-Wood Gloss LMG E0,1,In stock at supply site,$407.78 Ea. (Excluding GST),https://www.polytec.com.au/colour/sienna-figured-wood/,2025-08-21T05:35:12Z,Gloss,MDF,18,2400,1200,15
Sienna Figured-Wood,Smooth,Board Decorative,52708,MDF 162412 DS Sienna Figured-Wood Smooth MR E0 No Film,1,In stock at your branch,$157.51 Ea. (Excluding GST),https://www.polytec.com.au/colour/sienna-figured-wood/,2025-08-21T05:35:21Z,Smooth,MDF,16,2400,1200,30
Onyx Figured-Wood,Gloss,Board Decorative,55007,MDF 182412 SS Onyx Figured-Wood Gloss LMG E0,1,In stock at supply site,$294.31 Ea. (Excluding GST),https://www.polytec.com.au/colour/onyx-figured-wood/,2025-08-21T05:35:47Z,Gloss,MDF,18,2400,1200,30
Onyx Figured-Wood,Gloss,Board Decorative,55008,MDF 182412 DS Onyx Figured-Wood Gloss LMG E0,1,In stock at your branch,$407.78 Ea. (Excluding GST),https://www.polytec.com.au/colour/onyx-figured-wood/,2025-08-21T05:35:49Z,Gloss,MDF,18,2400,1200,15
Onyx Figured-Wood,Smooth,Board Decorative,52820,MDF 162412 DS Onyx Figured-Wood Smooth MR E0 No Film,1,In stock at your branch,$157.51 Ea. (Excluding GST),https://www.polytec.com.au/colour/onyx-figured-wood/,2025-08-21T05:35:58Z,Smooth,MDF,16,2400,1200,30
